category_clean,full_%,surge_%,surge_lift
water,0.2720859438603943,0.3201859229747676,17.7
traffic,0.26697462036742065,0.26122177954847275,-2.2
noise,0.22258504123747833,0.06560424966799469,-70.5
sanitation,0.12057803263601288,0.12244355909694556,1.5
road,0.04896286857102403,0.05245683930942895,7.1
housing,0.044502849456656404,0.06786188579017265,52.5
electric,0.024310643871013414,0.1102257636122178,353.4
