Model,F1,Precision,P@K
STSEP (learned weights),0.11182795698924732,0.06018518518518518,0.18181818181818182
Acceleration Only,0.008602150537634409,0.004629629629629629,0.0
Growth Rate Only,0.034408602150537634,0.018518518518518517,0.0
Spatial Peak Only,0.0425531914893617,0.02288329519450801,0.030303030303030304
Random,0.017204301075268817,0.009259259259259259,0.0
